{"x1": 414.01875, "y1": 145.0, "x2": 266.25, "y2": 270.0, "x3": 423.33750000000003, "y3": 306.0, "x4": 563.11875, "y4": 194.0}